#NAME?,4,,,
-0MGEWw692xeqwmdvsnFZw,4,,,
-4KOyf1dn0deWIbvXm_LBA,4,,,
-6rEfobYjMxpUWLNxszaxQ,1,1,,
-7OwRqGRrXbSEY2JBNkZIg,2,,,
-7hRx1ypJfHxwssUrq99gQ,5,,,
05ehdct-bF7YLTZTZvB5rA,5,,,
072tu2_MFWmw-jb1O6DQYg,5,4,,
0ALbkSzC0z7HxRjhmpElhw,2,,,
0AXnIyQxkO8_NkOsGEDIQw,5,,,
0HwN0YYwOtYwERj-eVnq0w,5,,,
0LzlRSXLhEsVSWFEvW_5yg,4,3,3,4
0P58MD0FRVI6pTVKUpd7YA,5,2,5,
0PC8m2bwvpYUprT5iAO1zw,4,,,
0UT9d_KZDZj8WqeWVQjPTA,4,,,
0fHA8u20wh1z1u0ANsiBLA,1,,,
0r9yLQkxwcdutak6uKiCaQ,4,,,
0tMV6HPZMYmEeJJPFwZe8Q,5,,,
0uM8pwyBMrAtxKJ9Ufvv_Q,4,,,
0xIQG-NrqMx5id6yJpQp8Q,5,5,4,
10dhZs996tBtJq2nd_mcRg,5,4,,
11Ydte1VfE85UHK24d4QRQ,3,,,
18I1gZMUK0CyLXPDINdw8w,5,,,
1H6JRbIch54UDXwBDzNbUQ,2,,,
1Hx--oyAcojSfqQYERNkig,5,,,
1Nn58APYG7Qz1tRiqdGCng,4,,,
1NqTU6vbr6xdI1hDUlJ_dA,5,,,
1PxFWRL7OL5uteROuWEHhA,5,2,,
1RzsEPbswFo-8fhI5h76AQ,4,,,
1Spi4UfPNf-_gVO-jk7zYA,1,,,
1VMTfE5MlQyDIRGWDSNsvA,4,,,
1Vr1Sq8FGnP-8HuD79IhbQ,4,5,,
1WqpSJymTR_FuVXOo8kxzw,2,,,
1YPFrlSsnab1jTtRdQEWjw,5,,,
1ZO_MHI5CJ-LEH_jU4Qy2Q,5,,,
1_jp_aTjqF4NaumpMRpyCw,4,,,
1a62xckjW2f4F_ol92QDug,5,,,
1dUH7QW07S4DI_okrHhG1Q,3,4,,
1f-m_nZYyNZCvVQDuW6rnA,4,,,
1giup8Tfm44sYcFoN3PmwQ,5,,,
1rW7HOKiSxiA72XaIhC01w,5,,,
1s_Ey130VOTKjMefrdMQCg,5,5,,
1yesvpTW_EGykpHK0W8ayA,1,,,
1yx0gSI8CipOtjnK7ME-lA,5,,,
1zJL9PogiFyd_NhGcbgs7Q,1,,,
1zX6tmYdu9QZHTm4fVwp0w,3,,,
20iD_hcPAC6XM5O62oQQIw,4,,,
22OgTmm9O84x7v1js4anuw,4,4,,
24CK2LX45M8c9Ps1gTVYOA,1,,,
2Cz9UMROckLwWHRt0IJMTQ,5,,,
2HPa-nvh3iOmewcS004teg,2,,,
2IgUSmuW0oZVxwwCZmM2wA,5,,,
2MRE7On5kQ2sKxWfYKOi8w,1,,,
2N9MxvKx1JMpQIVT1OU7XQ,4,,,
2Ndy3FQAndOopqTa9sBPlQ,5,,,
2REGpU7W6gK-8RvOBc45uA,5,,,
2Tn2rU-BDlwSaZRkjKoL8Q,3,,,
2UC3rwRm6swuNFt_GhKOhw,"4),(1),(5",,,
2Udz1PWpv9TwW6C8AblOtQ,5,,,
2VqU7uoDeiE8OUL14Ce5Ig,"5),(1),(4",,,
2YHVTrs6EY7Me9NwxiQVpQ,3,,,
2_ZX4VQU32gF9Dhi0PhQFw,1,,,
2bzCTo2ML7a7Tnn7koDCMQ,5,,,
2cvC1yfkqbOKUgoQTxfzfg,5,,,
2d5HeDvZTDUNVog_WuUpSg,"3),(5),(3",,,
2i2jCFZ5v-ZHfg815mfN6g,5,,,
2jkE2AhFum7t3jHSngMZtg,"2),(3",,,
2l_VuWR75EUOxTarAwIK9w,4,,,
2mxbdNzBsShhHdKRApE7Hw,4,,,
2qp-XuRq7w73yL4uyGg6-Q,"4),(4),(5",,,
2rNIROR-RWO2z78_RAFyAQ,4,,,
2rSeth60_CuWN3ZJ4k41lg,"4),(2",,,
2xvl9RdZd68R-M-UCXovfQ,4,,,
2zR3e92L3F_yAykNJB7Mfw,5,,,
305gMnpbklXYqzLEf1FTag,4,,,
33lGHHGU5t6Fah8G-dU0zg,"2),(5",,,
345nDw0oC-jOcglqxmzweQ,5,,,
39yFvH-wmcX5Kq0-9cIDfA,3,,,
3BGWwL-E-kLIqt7OtojcVg,2,,,
3CxWftKJAqpsYRW0FqIWeg,5,,,
3GcsBl_Da3-H9Ez2kiJLkA,5,,,
3GyMTaxBiquKldHr_qlcOw,5,,,
3RuHEdWk2AZoh1DNiTTlkg,4,,,
3VO02M2DWk5isqammErtWg,4,,,
3_MuuYvWx7h5GgfCtfrZiA,2,,,
3d0Vw3hPiUEWMwrlnC-IOQ,"5),(5),(3",,,
3eystYBQINAG1tlRBk215A,5,,,
3gQeZj9dlVNlRVI-pcUc4Q,5,,,
3h4VbpuqlZeVCSuqq9bdeQ,3,,,
3klCtdbZ6NqaaqXXbcmBRg,4,,,
3q9p6IZTuIt59z7MxzjVVg,4,,,
4-3IU5uUH90m21TWbZhhnA,4,,,
40BB-4A9in2v5XQVBlNbaw,"5),(2",,,
41oeFT2tphAbxrdHJUrq1A,5,,,
4B3hc20yaGaSvWYmJInMiQ,3,,,
4B4A94goRjDSr38ttvPKWw,4,,,
4BWGVJEqqOnihPxnZbuEzQ,"5),(5",,,
4BoTPTlzmpSHQMPxLEJ2gQ,1,,,
4DrkZqFqLcyRcLWuQUXFeQ,2,,,
4DzMnm_agZ3K2IQGlZ6L6Q,1,,,
4Lf41ezhezU7OpbNTNEP-Q,4,,,
4UAa_ZVJ-1qlgLYLam6tQw,5,,,
4ZM3og6FJKBgpO2nGXNLbg,3,,,
4cW3iQW6JD1C8VxYP0eyXg,"2),(1),(1),(2),(3),(3),(4),(4),(2),(2),(4),(2",,,
4d6gHTch3Mytp02o-tzV9Q,5,,,
4g2cLpxNR6r7H-kh6iozlQ,4,,,
4q3czSXkHBPkW21RdzpJ2A,2,,,
4skydOdb4Fy7_LY1t6p8sw,5,,,
4tzuxIVry4xkOR9vbpgjrw,4,,,
4yxGoEXjYqlk5ifkyG7zcw,5,,,
57kmdBfFM28OQtJInGciPA,3,,,
57tPrvg7i2R3QjsxTiY-Xg,"4),(3),(4",,,
5Owl5siqnImojW2u6Fivig,5,,,
5QsbdmcDSLTLtfRC-Q9f1A,4,,,
5TgsyucUcHqpmmgRJ51RQQ,5,,,
5UCdxI_krbnv7_7Q3Ur_eQ,4,,,
5ZC_Tq2pT7fvCY3Ft2NIBQ,5,,,
5_GNc6DHiOOSH47ZjmOG_Q,5,,,
5e90VuDs5VFSt99T3PSzBA,5,,,
5eR_TeDFbOmv28MoRwH-lw,4,,,
5gi8yR20fvnim2dg3n-MpQ,2,,,
5iYis_-EF5RDfjo9yPsoFw,1,,,
5jA4_6RDDSVaPOkp8brlJg,2,,,
5jK8MY6CM51HGeVmkz-nwg,4,,,
5k8IegP5o4dIO_znpALK0g,4,,,
5kVILHxR7jRljKOfWyFO5w,"2),(3",,,
5lq4LkrviYgQ4LJNsBYHcA,"1),(4",,,
5nIkRQ6Ip_SMCg7zDfBbww,1,,,
5noqL9IulqZx326u6eg4Rw,1,,,
5oh0lwYkRPhV3mGjyZQWJw,3,,,
5otX11v4iOPPpHw1Rj4q0A,4,,,
5pDzzV3UF2UIEQIX4zyAbA,4,,,
5reyAZvTrjr_QV8Qq-ScGw,1,,,
5s0YP_ZMshAYPb0VdSfukw,"2),(5),(3",,,
5vVOuKUHS1VaM-fsdS-gKw,4,,,
63Pop3d15pTuHZ7qoex46w,4,,,
6ByCS4D3fPeMx_EmewTjGQ,1,,,
6IUThQwDSUq2wx6KAu9PDw,5,,,
6MQjQ3jfCUUxItIvKadJsw,4,,,
6Mflt7fworNLu031TDrDSA,"4),(2",,,
6QhWTugzBJ3cdv2N4WZcSA,"3),(2",,,
6SHsdSKgS_AG5QLldJkOkA,4,,,
6VEID9yjoYWFZkUcP_GNBg,4,,,
6aJCPbQc8n2tEXUBqqL1AQ,5,,,
6c_1NIBnEzxr3zEd2HAa5w,1,,,
6dRrPsHJvcxMg3meqg434A,"3),(2",,,
6d_pkl9xS8njBmA0CT3Y0w,"5),(5",,,
6deaMWBaD4P3QjghDoWxrg,3,,,
6gAUg6gUBZT4bYCQztZxgA,3,,,
6j8_1e9jM0EzdvQyIHrs9g,5,,,
6jVrGOl04TGIRmwCf7BW-g,5,,,
6pz8zvyUaGCE30ktYrzKpw,2,,,
6rR83Un71x8KWnW9-oJfqA,1,,,
6rhAsfzfeb1hb91bQBipKg,4,,,
6wvlM5L4_EroGXbnb_92xQ,5,,,
7DPN-N9nrocsX5ge9zheOA,5,,,
7DeM4C66zVflYNrZn_Vv9g,"4),(2),(3),(2),(4),(2",,,
7JDMwDRjhGFEpsL_vqKyRQ,"4),(2),(4",,,
7KXsHW_EQYp26XNhqSCAxw,3,,,
7KoVg5QMjYu8taLFSE7hNA,4,,,
7PDm_RG8tTTKrauImGbPuQ,"2),(4),(5),(3",,,
7R79mN6iJNU6o0CI1aBesA,"4),(4),(4",,,
7VBi20rKww6I9Y4ypdn5mw,"2),(4",,,
7W9DeA_sCLrWl4O8mdIYhw,1,,,
7fOMeE-emdNuPYoSHxD-Gw,2,,,
7gwbNh2RJ98i_pswmEUcvA,5,,,
7iyyiOYO8cRArpD5mTD2lQ,4,,,
7p_AX1rONM-fVoHafapFOA,5,,,
7sBqJpb4N8U76vTE0PFfKA,5,,,
7uxXuCcpw9-mUS3OJVw8aQ,3,,,
7v16TmjR2Qv5k0R0Gv3w1A,5,,,
7xH9Qey07WJYq5E1sFxo_g,"4),(1),(1),(4",,,
7xXmoShBHGcF1_Yok4g-iw,5,,,
7xdvRGaz6fIG6Uh4vPTe2g,"4),(4",,,
7zpDhrRZRTGCkAh3SHbEww,4,,,
80YoAmJsI_3FesVaPSZjpA,5,,,
88eJe5ywmYrrM_IyPyx8kw,"2),(3",,,
8GB3FsUln33XsOUl0Uw1Lg,4,,,
8GccAq9PTpIWlp0gnCHoRQ,"1),(1),(3",,,
8MqHZmJkw4sGzF4vpuQKYA,5,,,
8Tc9v9EHs1hF9msbEpWTgw,4,,,
8fApIAMHn2MZJFUiCQto5Q,"3),(5",,,
8g645khsgHyNyl6mbRHHSQ,3,,,
8hWBnQA_ckmXoRHYPUmm3g,"2),(5",,,
8n--xRBQ9eLDi0vpQ5fGFQ,4,,,
8ovU8AEmJa0I-aSqI6m4GA,5,,,
8qjdFatMwwMNgXXUE3ueLw,4,,,
8suFoI1DF1Qr_pAGb0CiMQ,3,,,
8syjbjJRkzxK9RUaKewUrg,2,,,
8v2aMUZedyZU8cHCaHZBFw,4,,,
8xckX9C5cojQaT32P927iA,4,,,
9BewShgm7iGFFsUiwLvGIg,5,,,
9HX_fbRF1ajzhYg-zB2ZaQ,5,,,
9Ify25DK87s5_u2EhK0_Rg,"2),(5),(5),(3),(5),(4",,,
9MmWbiE7txW_OplDAnoaqA,2,,,
9OZH1Ecw-qUkCW5MS0NefA,"3),(3),(5),(3",,,
9b6REasjDBQAYDpXcKQ2NQ,"5),(1",,,
9bHJnCShYMAOMhsxCdgGmA,4,,,
9cCTmiJ7hz35rHIdr8n9kA,"4),(5),(3),(2),(4),(4),(5",,,
9fqpNMXpJZzHchhzx-Vwtw,2,,,
9jAMA-BkAVnFonXScG6w_w,4,,,
9qb5QEk7HyhGG3hVJCMDOg,5,,,
AAzzf91szCG9FOu7DH9oYA,"3),(5",,,
ABcnn76mwilarbccNWgDGg,1,,,
AEQowxQ8076LsWNirwHTww,"2),(4",,,
AFNTPG5UmvJMuyWM7IPlPQ,5,,,
AQD7LticSzC9Op9LklCK5g,5,,,
ARlAnV0FRlM9Pgv57eESbw,5,,,
AVrY4uj14hOBI9yh3iE1KQ,4,,,
AY-W59xCVPDaCaOKJOQUhw,5,,,
Abrkd94L1fFs1Xgcp7MAbQ,4,,,
Ai1t-UCf0ElszaDajWlnwg,3,,,
ArdcWYQnK2SUAvbxCFkq2g,5,,,
AtLRo5Dx0ir00RK_3lhxKQ,"5),(5),(5",,,
B4PwGZYPETAHX-LOlHow0Q,4,,,
B5WkNWDxZ-baWoQc6DBNHA,"3),(4),(3),(3),(2),(4),(3",,,
BJ980LZ3UOOf-D2KXAJuaA,2,,,
BNiS6iuXJHMqTyuKQgyHYQ,1,,,
BPwS6KDK7OqKJPNW1e93Lw,5,,,
BRWXr4w4zWEzFmKn5NzxyA,1,,,
BT49cqklg9p9VZGsx37oFA,3,,,
BZDv6ZW6uestHjDFe0JSCA,5,,,
BbM64jzOeDBVJWeGNJrF_g,1,,,
Bf2XJIEUh2VfGWSnyp05PA,4,,,
BjO_lUbSavA3C5uyoau03Q,"3),(1),(1",,,
Bmk46CeiMrga526ZX0eXsQ,"5),(5",,,
BmzYNokqBWJMVl5w0igg_A,5,,,
BnBVuJgAUMm6dZQlSba8dg,"4),(4),(5),(5",,,
Bq-4Wan0Y2klBlgqWWaEjA,1,,,
Br0hRNDvFXLz4AM51GwmMw,2,,,
BuDpYDRm5p0aP2MfVsBvgQ,4,,,
Bv2ugQqgpAnSV4_PnWXtCQ,5,,,
C3FWs14bTLo8Y-THOGIUtw,"3),(4",,,
C3MHaW2n0GBi5l5TcZuZPA,3,,,
C4Oh_pJGOmsFVkHTMYG4tA,5,,,
C6xo4k-u7Xr1oCNX0RyAAA,3,,,
C7tCtwh8GJSL7_OnxhOLqQ,4,,,
CFh9jAl5_DUSgNBA5bP5RQ,2,,,
CLy1pUDZWUyIMUjRouDFlQ,2,,,
COt8DAiXb_uLfsM8NXOEKA,"3),(3",,,
CSnoMljca4d2gcXsFlUQOA,5,,,
CT7kzHHF9SpS96mkCvwqWQ,1,,,
CWV-G7w9mutxrp1aNRIuvg,"5),(5",,,
CYan-8JIP5XDLC3f7pUClg,5,,,
Cb8j2uIq7ZxbVeTwo2f8xw,2,,,
Ce-qdUhoBy7hJQUulYStWA,4,,,
CiCmxCruMvbXtjQP5FhbLg,"4),(5",,,
ClxfNd4eQthoJdTN8bQjPA,3,,,
Cr6xqCWkuh1L927NKtDnbA,5,,,
D-tr1j_30GwKSB3e_WOYCg,4,,,
D1G8W0SgCbsKTv7cAqKcNg,4,,,
D3clz0zNS-BlyY_0mofcqw,4,,,
D3jHbQTaI27qrIB1xmi3vg,4,,,
D6R3WxwsY_boz-gc7TUQ2w,"1),(5",,,
D6UIGLlDEz9x1l33oF3xmg,4,,,
DIdADs3HKJTemtsN53vsqA,4,,,
DLu1Bum8EXNE62xno-v0VA,"5),(4),(2),(2),(1",,,
DMcBcl9rRKOutIJ50bG9BQ,"5),(5",,,
DSWiwtUyWK1YwY8NBKDhGg,"2),(5),(4),(5),(3",,,
DSXekZAu_BeKmqYaRyNfmw,5,,,
DV0mQsnqeK67UhI7kzfzow,5,,,
DX_byrz0UkiaGDHjDK46jQ,"5),(2",,,
DcQobAk5lNJw6pVI4nVN1Q,4,,,
Dcfq4ruNe5WMU7W4eCU55w,3,,,
Dg9xy4ZbsteCBUL_sjaNKA,4,,,
DoZIOyN3AjTAwv1lwWI4WQ,5,,,
DolB_hQC2YsU0okKNiyopw,3,,,
DwXVdLxCHp9Uag-HjWgcnQ,"3),(3",,,
DzspLwERa013na-EXfZZ1A,4,,,
E5O8wsWiGLqoOVBmG84wcw,5,,,
E62SZVU_FsbCYaVnMRs4TA,"3),(3),(4),(5),(3),(3),(4),(5",,,
E8K5lVfbsg-x9KX9gOIfzA,"5),(4",,,
E9LEcPIM2zr5JJHkyoo1xA,5,,,
EMkRwX30qwweJueShN_D2w,2,,,
EZ0r9dKKtEGVx2CdnowPCw,2,,,
EZRwXVx7rypSLF6xhy57KQ,"2),(4",,,
EdAKN2yqdA-H5tfGHGU5hQ,5,,,
EeXtvWcP2fjvKzmOJwVgcg,3,,,
Ej3Oz4sJcIRKsjIe5FtC5A,2,,,
EjxE1dW0WVqOezpKqFN5kQ,"3),(2),(5",,,
Eko28Eq0OTggPwRpQxT3Xg,5,,,
ElHMvz-1_xfOl_noq_2Utg,5,,,
EnUS31BQlTmxM6Q5wuZhPA,5,,,
Enzdhh-rV5JgC4lgg0IdFw,"4),(2),(2),(5),(3),(4),(4",,,
EoItAkP58vSnG_-ZhJI8pA,4,,,
EtSjuNdguCE9AcmCOVYqxw,5,,,
EtTP2C4qgZfcB3MFAHoiMw,1,,,
ExhX3VWbqeJANZmyERg66w,4,,,
F4vIl1iaHnLIgLmrKkGrNA,5,,,
F5OJXH6qHPVf7bUw7GB-gw,2,,,
F6Q4XTW_3yjdUT2btWQz1A,5,,,
FB0Bfe9dD-CSxy2PLjB9UA,5,,,
FB8T3L1w2s88qjdvX6upGQ,1,,,
FGYwy2uthfdmViOiX_0FTQ,2,,,
FHVn1btdb-bN8mO-maXt4g,4,,,
FIiAqesxQxvvZoQVJwbkYA,5,,,
FKosz9ExVLhsrITQk5xl4g,3,,,
FLxgiNF9rsiXR-zbEcWBRQ,3,,,
FNbm3ycU2BF8C17UFfWzOg,4,,,
FSSkTatYo-y8se7neCfJUA,5,,,
FSZaOuAQL9eBz1a61d0B2Q,4,,,
FTdIMw4TPn29cSDu76EEKQ,5,,,
Fc63HS79HdIGqeKYfFPWxg,4,,,
Fc9bIArpenZkJH4fFc4EEg,3,,,
FixW3C_F5FXggMLZIZMOag,4,,,
FlujvsaLHpX3pVv2AIxN5A,5,,,
FuuSzyjH4wyeqfvbazj5iQ,5,,,
FvfKgrunRKYLCZ4u4-Gicg,2,,,
FyCBkNXwoI_6X6apbslg4g,"4),(4),(2",,,
FyQ9wsYI-17OTSZTnXmNbg,5,,,
FzOfmQ-hJRFw6LjAxay2bg,1,,,
G4PZXgVGd-6zG9jJBQNl5A,5,,,
G7KQF0U0p25nf07dObPeVg,3,,,
GDQXRiloXYsg-BqQvIQTAw,5,,,
GFLvPozOh5m_n1MYGdHpFQ,"2),(4",,,
GGcTovT_hltyA5OEixFuYA,5,,,
GHac0Ym1TWd09-_NrqyxWQ,5,,,
GJI6yunTW74EUfgUFHR5dw,4,,,
GLP24FIMxbe7W4Ig6OX4cw,4,,,
GMtILOfAHXUMrfMgLPG0gg,"4),(5",,,
GP-h9colXgkT79BW7aDJeg,5,,,
GSKY-zWTManYbMGXmRDb3g,4,,,
GU3QncOs8ffYE0UZOL0Lvw,5,,,
GYSqprhDteK52ILOBaFCIQ,5,,,
G_BvSxt71MqF_x4jgEyqSA,5,,,
GbjAbpNfxOC9E4sMiToDGA,1,,,
GcBAIs4pzeK6OzHpawgZlg,2,,,
Gd_ot1jL-6mnmFIq6SJfeA,5,,,
GnV8MNKEhHVl27bMVUuQTA,"4),(4",,,
GpMioVnj4OQV1WE76t4dsQ,4,,,
GwcBPWbgjegIxXViOdSuVg,5,,,
H1kH6QZV7Le4zqTRNxoZow,2,,,
H3-pVvBr5HVwMssf3PojjQ,1,,,
H7FrXnUAG8AkW6haB4h7SQ,5,,,
H8wJwuWusTZvc9W5bY4gFw,3,,,
H9E5VejGEsRhwcbOMFknmQ,4,,,
HB3ieVrzjzvC6RT4eGHFMg,4,,,
HEsdDAq-790wg9BEmnDnfw,5,,,
HFWtAL1-caQ_N2_Bl7x2kQ,2,,,
HPjABAYUiNyrzY6pA8gBFQ,"5),(5",,,
HPyUAXN-Srx-VVPpznzHmg,"3),(5",,,
HSmUfXQYjF9_pql4jfF_Gw,2,,,
Hk3Vx_voj5dQ66P_NgMkEA,3,,,
HmckzZAXriuGNeSOfDKzoA,1,,,
Hnjg4sywAE9KUo87KRyM4w,3,,,
Hr1YoQltzetmVco5oncaPA,1,,,
Hr9I9Jdy3MKCZ7c-bpehMQ,5,,,
Ht--WF85eksNdCDjd6D7PA,2,,,
Huio39UNBWn0LJUtR8vAjQ,5,,,
HwqAGCDK9dKZM4lCdrYbvg,5,,,
Hys6HzKi24j2809kI_7dKA,5,,,
HzB5eZLSabmOUDc3ItgIcQ,5,,,
I-jk9_xWCV3zfDqwrIJDSQ,"4),(4),(4",,,
I0J95fjfPm890l22dyLnKA,3,,,
I2zYqls8VMzjdzBAEPR0Iw,"2),(5",,,
I7jwVsv92u92GYv1-laSwg,1,,,
IJgrZymgN_pHYGELICkV1w,5,,,
IKAq5_BBjIn-uTtYkfhdYw,"5),(5",,,
ILE13Hj1w7YItpR7AEyLrw,"5),(4",,,
ILGPeuEGA36v3Ec-Co-eiA,3,,,
INVBi5surB5UbeDXWmqSuQ,2,,,
IQIYDSfkFgTBedc3rbw4qw,5,,,
IQWFQD0ZZVa5XoLnWCDTlQ,1,,,
IToxW2XLlx26chmx3tKVjw,3,,,
IXaHwwhZncimKZk32v5T8w,5,,,
IXqt0sAKos17htM32PfOkQ,1,,,
I_47G-R2_egp7ME5u_ltew,"1),(3",,,
IbvOxKSps_K5wa3a2_jc-Q,"2),(1),(4),(4),(5),(3),(2",,,
Iez-mXKbRjv4sZTPKkXSVA,5,,,
IhMklaOEnKAuonG-mG8Ocw,1,,,
Ihsb0A8xtbGMrhUXVl-LgQ,5,,,
IiE3vgNBTneLaQA3J0iZMw,5,,,
IjP2TmEzOBku548h3Ms2SA,1,,,
Io6At5jerTw_PpWj1hYXeA,5,,,
IoyfYdVB8icWZD4XUl0X0g,4,,,
Iseb_IvqOEfY_p1m9OwTrw,4,,,
IsvVRsknHBi0AZXmOjJqIA,4,,,
Iu9HNWqEKIx-auLSu6QeJg,4,,,
Iu9iJ8attR7ocsZenbHc3Q,4,,,
IyT6y6YIvvvZvj2X6Pb4iQ,4,,,
J-ccrifgVab4VlAKok7yUg,5,,,
J8TnuXdax7L05-0s9GIxYw,3,,,
J8eVaqkw5e47k9blw4xqxA,3,,,
JAU8sjjfuZkvVNUJST16RQ,1,,,
JAe6HSt7J4OtkcFWYJNURA,5,,,
JEvkfVPf_DuhX-ntE5L6bQ,"2),(4),(2",,,
JF7Mnu-Zt2f9_E7b26TFgQ,"5),(5),(3",,,
JFxN23s3ZniO7ZI_Wg7V5w,4,,,
JHj5hoeALLJ-sSYn6qYe0Q,4,,,
JLS56V5lhErpFUjZ8N8VrA,4,,,
JOwUs-tyhXqNIYsFsZ-wnA,5,,,
JPPhyFE-UE453zA6K0TVgw,"3),(4),(4),(5),(2),(4),(3",,,
JPQfBSN1FA824RLmUIEIfA,5,,,
JVb5BRi7NSgXqVoMJCO0Hw,1,,,
JW8CpLIKSzjOAvzfmqPasw,4,,,
JWtFuKaFXn_l5h-qKZWZuQ,"5),(1",,,
J_q8jN623uew8ZzMChXBCA,"5),(2),(3),(3),(3),(5),(3),(4",,,
JaCp2YGR22uDOCFE9AcauQ,5,,,
JbAeIYc89Sk8SWmrBCJs9g,5,,,
JbWnXwjLaO1kncUkQOMajg,"4),(5),(4",,,
Jdfzz0EVCRXkpydEBNrtlw,1,,,
JhsjRvTXYel9s5mySrTR6A,1,,,
Jm3V61zgn51XK1zDDYbc8g,5,,,
JmjpDIUvwcRfJzL_AkBFlg,3,,,
Jmp98s8eh5Fmj1TRbWDJuA,5,,,
JnKYwlH7_JEBstDXqYkiqA,5,,,
JnxAd1nes70A-uU1MpVbLQ,5,,,
Jou7l2wJvM7ZgqspikTw9Q,2,,,
JouqeIw8RQtgZLqYv8-0yA,5,,,
JsRoc9aJ12OsZ3PgBf-nsA,1,,,
JwWB4PW8BDezHBaLCej-EA,5,,,
JwaXAEfXq0pUN7zU6ZYPBg,4,,,
JzdXtDFasB2pO5npYdpVBw,4,,,
JziueBVOg4SDJegN9sBmuA,1,,,
K1oHkXNn1ZRmdnSN5AFsGw,"2),(3),(5),(4",,,
K55Nczl6Lvf38dIzMOpErg,5,,,
K9hbyKmhEBv7q4IEj-_Aww,5,,,
KBLW4wJA_fwoWmMhiHRVOA,4,,,
KIh-sWidOXdyPTcgKxaEOg,5,,,
KLIM3Qo-YqUJ-e0YeaKwoA,"5),(3",,,
KNvmsbGHZFrJnsLI1EEteA,5,,,
KOrggEZ4aa7JzVIuY-Zgkw,"4),(3",,,
KR7R5PrrbMsLMsNcntHvAA,5,,,
KSS6v5fcZNoelu4eEZCFcw,3,,,
KYxlgjINkaDeyYa1dZkIhw,4,,,
KZVgUYGt4eww_GwJ2F0MrQ,1,,,
KZuaJtFindQM9x2ZoMBxcQ,1,,,
KaSON_u273TC7KAD_NyDHQ,2,,,
Kk-a-0Eth2npl0biG7Dt8Q,"2),(3",,,
Kkktt5Kbw4U0wFOulwvvWw,5,,,
Kn0ZcK2GyIEkbG3w4xORtg,5,,,
KnCvJBc8XoYsS2BYJPo6Rg,4,,,
KnLObhXcuk90MImbp5RCpQ,2,,,
Kotrn1O_CF449mRz1BUJJw,5,,,
KpOVBdN4qnEa5ghu_t7TYQ,5,,,
Kq8-FUG7d_MT2qRNiNBJnA,4,,,
Ks8BGrByOuyI_XSd2pULYQ,5,,,
Ksi2pKdqCTTLJbBkvA7r8Q,5,,,
Kx5iAQaVLL_NYzyLhgXPsw,4,,,
Ky9ypnAdN7RNkUMGRt1RMA,"1),(3",,,
L2ne7hSJDy0U6sBD8wVaQA,3,,,
L6y73vaWaSvqYUKq6Rsr2w,"3),(4",,,
LCR1EhLuhuAtWp73NHvHcQ,1,,,
LFJglYRfXSdthKTcCg0qjw,2,,,
LWbYpcangjBMm4KPxZGOKg,5,,,
LYKMElh2u27sPIzoQFaGIQ,4,,,
L_aMQmKqw5TTcWRYGI2CAQ,5,,,
LaPatM6c289ClpysmzZpdQ,3,,,
Lbdzh6Qn5S1O5ENrr7n2wA,1,,,
LgkDx-_5hoNlBrNezwyTtA,4,,,
LhgQq1x4n9ardg1PFo8vgg,"4),(2),(5),(2),(5),(3",,,
Lia6Tarlci3Z5aw8cM6JTg,1,,,
LmLEybdrVdoyj7nxDOBilA,5,,,
LnRq6QVUvOFnAbAU2_NrOg,4,,,
LwEfyIPU8woMqZsKqrf7NA,"2),(4",,,
LxnhT5IqCS9Ju0rApb-iyA,1,,,
M-WLwxnBhYPaBUx7SyBUTg,5,,,
M75kNFeMM9jcpFfP46TNrQ,4,,,
M7G1FGy8j6mPgM7ClgZ-9A,3,,,
M88CCGSukC27xGwRlXEYbQ,1,,,
MA713-m2wv51bww8LN2fSA,"5),(3",,,
MAaLFUjs7VSkXf9rCU1QBA,3,,,
MJnIMhzm4onnjtzyprVXJA,4,,,
MLQre1nvUtW-RqMTc4iC9A,3,,,
MLZ9xHl8odrUaDbi1fzbAQ,4,,,
MNSjtwY2H5cjwqKzCJRIDw,5,,,
MQ1QmzOTZ6Ok1WLe3h_CQw,5,,,
MSuyK2p8G9hEqyWf5IgnYQ,"5),(3),(4",,,
MX8pg-Au6v_SZ7iTkZdf9A,4,,,
MinNxg1k6s9xpZKRw41NnA,"3),(4",,,
MlqlKOdz1MshRLjEA2_08A,2,,,
Mmj57OagOqroLiNkzugJMw,1,,,
MqvtOOrWg-2gxT2qnpcn7w,1,,,
Mt-HIc3ki8oEiGyQK2LHEw,3,,,
MuIQ8Rm2ZrERGE9mtxqGqw,"5),(4",,,
MvcLuHgZ9d1cJM4pQe2EGA,3,,,
Mzd8g_A1pE8okijGPmwkUw,3,,,
MzyUCQD3CtIQ0ifkYKl8iQ,"3),(3),(3",,,
N0YV_1uVWeMyhBP8vkHQ6Q,2,,,
N0pEauqXxhzN_q6EIVf_-A,5,,,
N1colY77TPM51Q2HIx46Fg,"4),(4",,,
N2mzZ2hacFcbj6lscgvzoA,2,,,
N8koJfNRHsL6ZcQsitYPtw,"3),(5",,,
NAp_p9-F-t9HxV68niH7TQ,"1),(1),(4",,,
NAuxIS2u6eaC175SbE7TcQ,4,,,
NByscKOMKk48eKWtzc08zw,2,,,
NCYse908q22pjK4SrmDA5g,5,,,
NCbTZXXpHXocGGwdJwwskg,5,,,
NDGkEcbVtA41AV5Fk9I4eA,5,,,
NLUDOvOtMRAnEjVaFIp42w,1,,,
NW4VuOtFeNOqW68BJkOCCQ,2,,,
NWnCAnwPBuO6SD81SIbrKQ,4,,,
NXxC0zhBLB38f7Dr9qwB6Q,5,,,
NYKQu45n9pEmoRdQ9vYhIw,5,,,
NZKATMk1tIv3HflQ5dNucw,4,,,
N_9d9na8fEGFr57h20QHnA,5,,,
N_cH3QA_eXXmnzz-nzEeKA,"2),(4),(3),(4),(4),(4),(1),(1),(1),(5),(3),(1),(5),(3",,,
NcqgfvXc-4lu71zr16FvYg,5,,,
NdkFQP7J0KjG9g41t1v_uQ,5,,,
Nf0SSRgStO8scYoPSNVqag,"5),(5),(5),(4",,,
Nhvkukz5MECqEUQVfh6A6w,"1),(3),(4),(3",,,
NkwnzWL-2xarGzJqdZt8Kg,4,,,
NnwZ8e5lfSPX605dz5QAoA,4,,,
NtSVScfiyH0hLGVG1dNdjg,4,,,
NwAlaSEjsWiiZlqnBOm1fA,5,,,
O-BUW_59T1yXYXMYdDW23Q,5,,,
O2YbRBy_qGoQtEEKrmk9jQ,5,,,
O61gWYtGlj1ZN7bmZR5slQ,5,,,
O86WsFO2rC6B19Rth0iEuQ,4,,,
OBYnJ1CRoyQ8CM7hJWQikQ,1,,,
OFmzR7xSnP9Se-_kMbzMqw,5,,,
OHA413ngP41R5y5E4a_JoQ,5,,,
OJ02OohAV4f8cQZofvHnmg,"5),(5),(5",,,
OJiGPNojqq4C8v-KRnDk4w,5,,,
OJq1l2wHbM_G0o9H2V01fg,4,,,
OJuQmL8zhIZXnh9E1W64hA,4,,,
OLpBm_4waGCYccOWVG6vfg,4,,,
ONT1yy_-bbUTLk9XmB8sUQ,4,,,
OOYG3D42w4_mp1FZj55tZg,1,,,
ObYBbapQShoG4zjDR1gSXw,2,,,
Oc-ZZCXRsCzCXAHS4UVvoA,"3),(4),(5),(1),(2),(4",,,
Oc3LydKbnaJjchuPZ6hQ1g,3,,,
Ofk843AUiVWxtNEoH0QFow,4,,,
Oj_u8Zj8jpCb0paXZWIrmQ,1,,,
Or7fUkuJtQCwt4MRWF7pQg,4,,,
P-rrYpMuaD3cf8pKXPmmhA,5,,,
P05ATUmhXcCYVGj4sWkt1A,4,,,
P1F3B8GinmPx_NuwmkqVdA,4,,,
P2g9lmWLF1k4i15vZM0vfQ,5,,,
P6L9SkAQ830Xzgn3YDFysw,5,,,
PA9PH4-CVAueoG29yS3S2A,1,,,
PIUMd4cpRPJb4yJh8SqKnQ,1,,,
PK-DziFgaYa52bP2Axz9Mw,5,,,
PK_7vVSY_Kv5nlfmI3QAzA,4,,,
PP_xoMSYlGr2pb67BbqBdA,2,,,
PQpnDy8AN81Cumix2mKCMA,5,,,
PRTVZdLWYmhozxkplGA9qQ,"4),(3",,,
PShxCNSE1_YmNDJOFzyTRA,5,,,
PUFPaY9KxDAcGqfsorJp3Q,"4),(3),(3",,,
Pc2ezRRHcXUXWXmZutQPeg,"4),(4),(4),(4",,,
Pe4QxbvKhLFHWiypevdmQg,"3),(5),(4",,,
Pko7-1W-Ahj8cm0AG8glnA,5,,,
Plh8JoySyyyy3U5AtqmCiQ,3,,,
PnlhfJ_mUpdHBGbhQZ_Ucg,5,,,
PoEdd0y9A7pzbfO-njlNTQ,4,,,
PrMlXX6fbMsJie9ausN41g,"4),(3",,,
PwANTxC5mSWGVeSvU1zbYg,4,,,
PyQue3uoOWODLoLULDOPsQ,4,,,
Q3F_FZ8pbdRNoSv0X1Y7sA,"5),(5",,,
Q3fFv_ft17OyV-NRF1iQxw,"3),(4),(4),(5),(3),(4),(4),(4),(5),(3),(3),(3),(2),(4),(2),(4),(5),(4),(3),(3",,,
Q6PGJ1UylVz9bby8wQqEPg,"5),(3),(3",,,
Q8gK7w_S5aJDFsIps4E1OA,1,,,
Q8xWImXk2h7Dqcb0XVo40A,4,,,
Q9n_RbF8px9R0GL6xfyWbQ,4,,,
QE6vmJ3_MiBZD2o6uN1ZAQ,4,,,
QLiWMRXvgqws9QtS68tXJA,2,,,
QM5uJW2Pop9SjgO0P3z33w,5,,,
QOdrDkYXhqA8jtPzfpugWQ,2,,,
QSx870G-7sJGGjkH7j3obg,1,,,
QYfjdGWoFl9Q_Wj13bgRWA,5,,,
QcGi0cDzzGLb3LmiI33Psg,1,,,
Qet_aYhh0MuESIG4l4V3NA,3,,,
QgrRnK1jy4q_VQ_xCKPdeg,4,,,
Qi8nZpfi18D2igvCTekaNg,5,,,
Qm6b5rQofNT_nyxr0yVerQ,5,,,
QmykNasFdjyaQ3K8oME3fQ,"3),(5",,,
Qn4GsRmZ3C63DVpcN6fKeQ,3,,,
QnhQ8G51XbUpVEyWY2Km-A,5,,,
QrZNgYOJTHMmuFo-M7M8gQ,5,,,
Qrs3EICADUKNFoUq2iHStA,1,,,
Qs5dcst13DnQJwaBcR4VGg,5,,,
Qu7zKtT8J277IwEjNwABpQ,4,,,
R5IxGBQ_eayvkVkErG4rQQ,4,,,
R5JRhkHCz3ZWUb7b4ri-qA,2,,,
R7LlHfODtml-d1-CUhWLMw,4,,,
R8ddimwhXWO_ZvAldqKSLQ,4,,,
RDtp7XSLcvBt3AbOxjtYaA,"4),(2),(2",,,
REQrtru4Sh_KX647qn6wTw,4,,,
RJgfj-6Uq-lyiPJJcyCVlQ,2,,,
ROX0FasafqFknZKaTwgf0Q,1,,,
RP4kX4YZDvakqSF25tiuEA,1,,,
RPJGvMZnlsQpk0l_QOK_FA,4,,,
RSExP0-Boucr4QyIEzZi0A,"4),(2),(4),(1),(5),(3),(3),(3),(4),(4),(3",,,
RT_J6yY0I01nANeP6wARxA,2,,,
RUzgukpOdXieKA6BaLnCfQ,5,,,
RZexEV3znstGFrImRkJtSw,5,,,
RhpNRexPihjkKcmVBBNQoA,"4),(4",,,
RobeXeaUf_E9x8Jp5tnEiw,"5),(5),(5",,,
RrE7U5MVI9jutvFLM8gq5g,1,,,
RsaEvod4EOBYIdbRBBv0sw,"4),(5),(4",,,
S-cLXeiWkUVnCDPEtu55Vw,1,,,
S4P8nB8Ed1HovtoFYWcGIA,5,,,
S5oBX7uhY4wYyDjvka4cWg,3,,,
SAKxTxX-ka9aFdOZGqlEYA,"4),(4",,,
SDlLqXn4IEtMzNwt9sV98w,3,,,
SLD3zcm8-XkHvD87gNMGhA,5,,,
SLFFql08ndgemixpHfKhcw,2,,,
SMxUkZ5ou_ZkQmYsI_DYmg,4,,,
SRAaub14pZxTitU4Lj77-w,5,,,
SUHJrOYnBzlLM8hcIaV38g,5,,,
SVd6Re9tpabo413b4LghYw,"5),(5),(5",,,
SYASgPaJ0QXXdZo0OBVHMw,5,,,
SYoKTIRnopt56BUN-RL4OQ,5,,,
S_QSsTz9MwlYH_OGExKtGw,2,,,
ScCjiT17xRQqdd-t6aEwqQ,5,,,
SdQNhy_YaPCsuLetXR5WIQ,"3),(3",,,
SdUpYTpoudHV6UDv_-L-dg,3,,,
Sdy0RPXf0nxZ-15Zb_Fxmg,5,,,
SeKrO18C8nqAZ9bWYOyxig,1,,,
Sjb5e5-gKoLXueFDMc2R8Q,4,,,
Sk4Aqh84akuoTHmn5Rx5aA,1,,,
SlKJNLm1SQdgaaKtqD--1w,"5),(3",,,
SnwJQ8SrkhnwvNyGKYzH0Q,5,,,
So32N7bSbUd1RwhFtI6jTQ,"1),(4),(2),(3),(3),(3),(4),(4),(4",,,
SwUrZFqcwdg5pW_IHeLlFg,5,,,
T0l-gcI0D6p3cRUaMH9OgQ,5,,,
T2GzjxlcatJyNiyU7gk_Eg,2,,,
T6i11evyBXydT5BXwMIcvA,5,,,
T6sLy269rjAE4AFnpIaR6Q,1,,,
TCQKvNT-Z_kZQP_oJpzp0Q,3,,,
TFSgzN0MLgKE4OkGQ1nW0g,5,,,
THo27ED_IFir4WqFB9Ztrw,3,,,
TIFX0jkfFLpsPWvsHqSdng,5,,,
TJ3ndAfKqbu1a77b6YV7Ig,5,,,
TK-WVnVbDcDuFbrdWVhYuQ,3,,,
TQCCfQD1zz2eRLaYuOs34A,5,,,
TT9mgd3WgJnC53sANmJ8mg,1,,,
TYdOKKLtA7LITxV7Y2_wjA,3,,,
T_wjLgPOPXry7Bea4MzoVQ,"3),(4),(3),(4),(3),(1),(3),(2),(3),(2),(3),(2),(3),(4",,,
TbUzjXVKCWTEW1W56Ayiyg,"5),(1",,,
TckShYnQa0eD3WQxdoE3GQ,"4),(2",,,
U0KN9jRenZIyTkdYNH2yKg,4,,,
U2CNgm8gl_aX2TSSrm7e2Q,5,,,
U3scIL7PBxkNfSeRNvU2HQ,3,,,
UBGit0gO1uZADXu7jjqbyg,1,,,
UCOssThZufcqehMMe6OA0g,4,,,
UD7Y1CqfY6mDmRwIuCf6nA,"2),(2),(2),(3),(5),(3),(2),(4),(5),(3),(3),(4),(3),(4),(1),(4),(4),(4),(4),(3",,,
UFXYjUKc63dLF8n8Jq605g,5,,,
UFem4aIQoL9MtejCZQ6YDg,"2),(1),(1",,,
UFr-WCtnNbX8O3sI7h4qeQ,4,,,
UJDyOCp9mQJo9Xe95D7gTA,5,,,
URwqYyZV2XwM-GoF_f6_MQ,4,,,
UUa7F3FCC8bLVcfmUSZ9rA,5,,,
UXQzUyOnihbH0K_yCpK1zA,4,,,
UZhNbC4E31-Hjx7SVA3hdw,"2),(2",,,
UeYvqmyUICiVnUbN4BLEpg,3,,,
UnGPr6ZnGe9YOSZRopnS5g,"3),(4",,,
UoIVK-Q9iw0hzbvml0kPkw,2,,,
UodvaLoRqKx0XMgS2lfctw,3,,,
UxMBnH1uo7TDILqbNilLsg,2,,,
UxfFAw2-cTpeWvRROF1HEw,5,,,
UyvhshDZ5VWfOWhh_GWsYw,4,,,
UzqOYLCssQS2FBcDq5HwkA,4,,,
V-1Oqdm5VnSIo8S5hVBvZg,4,,,
V1oOVqCOc3RRSUvcrEQgVA,4,,,
V2NHIojfd-JRk5lmvUE1cw,"4),(4",,,
V558m9ZYvjEyqZNEL8T5eg,5,,,
VGiGv-_yWBXFuKEx8vX78A,4,,,
VHay8sTTk5A27hhgQEbfYA,5,,,
VLYezdNbbn1EAg60fVfJPA,4,,,
VSfPN4tGH4Tjd3JUu8yUew,4,,,
VUdK-vXEu82cvBbE9w8d3Q,5,,,
VZeeQf9NGimiUs4xKZEA8g,1,,,
VdEX4ap_h6HI8-81iuHDPQ,5,,,
VhwcBJp8eyerTIXqZpAKeQ,5,,,
Vj4O2UfLm8PkGudiije0cw,3,,,
Vqqc3BYN9ca4ou0nt9g0Vw,5,,,
VrUqcJWqq2JW7MnD0efAvg,5,,,
VuZ9T8v1VxZ1tcizAL9RPg,1,,,
Vy6oxUFDSGCLmNA6GoA1tQ,"5),(5),(4),(4",,,
W-maSVsO7xc4QjIHfe63ig,2,,,
W9ZG5q-QIblXYeHgaPS5Uw,"1),(4),(1),(4",,,
WCoToxaQONsY2duLplFxcg,5,,,
WCwdlbIvi2nDriaAw3150Q,5,,,
WLUgUU-TSdTRd2tkU-LF4g,1,,,
WMTm9HHRA3EewoxTX1Gleg,"3),(5),(4),(4),(4),(4),(3),(5),(2),(4),(5),(4",,,
WOlf-mResMWs-n-BlGqUrw,5,,,
WP83_L4Jmi0MvbQGqxCuGQ,4,,,
WPG2gqOOn_ve5Xe5cT7oOQ,2,,,
WWEsFYU7Xx01TNXi55nc0w,"4),(1",,,
WZ5QHHGtAcgBGX1OxvAGbw,3,,,
W_NfPGdpM0286WBDNSvY5g,3,,,
WfDdej9nq-8nSEwe1cSOKg,5,,,
WgZoTeruB97OkN2-XPOUKA,3,,,
Wj_qVEYRdQiRNyskyRGSCg,"5),(2),(4",,,
WjopORV2YaHqdRqtDzQ9bQ,"4),(5",,,
WlDhFwOFx4e5Hxl74K-Mwg,1,,,
WlHAPegWK7WjHF2YVVPxtw,1,,,
Wue9_XDsmp6AUZF4UM1lrg,4,,,
Wuh6slGjmwYsITkk2fcAQw,3,,,
Wuy1JX5I4Stdeg4nNawggg,4,,,
WxvD8BG-DUklbDxQNdt5qg,2,,,
WzaaorVCmUTQvu4mScunNg,"3),(2),(3),(3",,,
X0tol2KOb4DduPipPgnRpg,5,,,
X9PkJksjTibFgC69cu0_hw,"1),(1",,,
XAovXbcDPAnH17tNc-0QCw,5,,,
XAsr0AwCkTV-jJhZJ6Gfeg,1,,,
XFLn8hRmzikg2GGB5eRNug,5,,,
XSMHjcozhfOXLLC2MIOD7w,4,,,
XTp6S7yXL7HluVUaBYdbyQ,1,,,
XXAWNimRCIygYRP4IZTTEw,5,,,
XbSiZYwYssx92cGJQV2STw,"1),(2",,,
XbzKoqoB_V1mWmilax4q-Q,5,,,
Xc3cunuZI5XGmz8Xhthdvg,4,,,
XeiKNx2LOdHWGILzgaybnA,2,,,
Xez2YmtfrixCNZe2CagFRw,4,,,
XkUyk93swY816wG5LH13XA,4,,,
Xmdy1umggvq3x1CB9WXE4g,4,,,
Xmuk68liVfhyG-WfsUt_hg,3,,,
Xqd0DzHaiyRqVH3WRG7hzg,5,,,
Y346033GhtJkjjC1ZOkKiA,5,,,
Y60GNpBlMkORQum9GYNfEw,4,,,
Y97YMtrZeBYxZG-LDg0iHw,4,,,
Y9J0JUfoY_xV_vCVnmLheA,4,,,
YADEIMOzVjy-CIuamKsI-g,2,,,
YBD4PfWdEYjWSGNjKn9uYQ,5,,,
YF42eCvUn1hj9oFUpBsOVQ,5,,,
YI4tmwKBaKLXd2g23k9dAA,5,,,
YKDw2WGj-MQjz7eRsb5FHg,3,,,
YLft4yXd5lni3kkPgSVDmQ,5,,,
YMZW4E4xEoL-btz4uEtgUA,5,,,
YTHnhkhUY9m83m915xsjJg,"5),(1),(5",,,
YhT-EwajidHmw71DgRtdYA,1,,,
YnH1LNBGhFz2WMZfyU5kRw,"5),(5",,,
Yv0JrZLmUWBmsWwaxuRQtg,5,,,
Yvn7DHj7o7sSCH2rNH74Mw,"2),(4",,,
Yw2GgwVircnuBGYKOofXag,1,,,
YxSD5yuMozdW1-yXKgkvvg,4,,,
YzRtIxJOHXIcXwPh0iMsbQ,5,,,
Z2HWwo5mIEc8SIVZH0IlfQ,4,,,
Z2V1WiOtxbjNv4XZuakR8A,2,,,
Z3U9fnv8i9rA7yZYpGC66Q,4,,,
Z82HLQBeNdrGKGEzbI_zPw,3,,,
Z9RftMXzG39L-h4ubdu_Xw,5,,,
ZBCas1cU7rRxXneTc9VggA,2,,,
ZDsneygztCiyFpkwSV0oTQ,4,,,
ZK16a3vPMXJr0PZF3RmUhg,5,,,
ZLNGqwS0Cu2S0CRcjv6iqg,4,,,
ZNtgliTM7BjSabTfNUKL9A,3,,,
ZQN2rcFAxhBVQkkDd0E2iQ,5,,,
ZaPjyarrERKG8t6qGgXgKQ,5,,,
Zff7xm0J-C7hV1z3j-JipQ,"5),(3),(4",,,
ZhkQXWS13x5xWW12EOjxDQ,"3),(4),(5",,,
ZqRv864ws-4rRAJIfb6d9g,4,,,
ZsDq4iNKrIp8wvxg6nWlxA,4,,,
Zv_5d_uSpq8WNfXt4B2P2g,4,,,
ZxdojCZgZhw36xuSGaryRg,"1),(2",,,
_7Lg8iTWpFc0O7PEA8FmbQ,"4),(3),(3),(5",,,
_7VcEa3xUpsc9XUTFCqlhg,4,,,
_A840qMxhwGXEFaKYOPU_Q,"2),(5",,,
_CtkjL-e6O_lMShkN6HuSA,1,,,
_Ec6NyIbpUiZqQCRpQty8w,1,,,
_F1RVXSEgfjKje9LJZD-ug,3,,,
_GE7cu9Kwr2BmMLu0-kW-A,5,,,
_GinkIw8tpdWfxG_1j1CdQ,5,,,
_MDwjMS1ObWYwev2j-kTkA,2,,,
_OdoGbid8z_brjKYl-3j-Q,5,,,
_OvJhmhV_rUn5AxN613uOQ,2,,,
_S8zEPxR0DRxIJ6YjoObfA,4,,,
_T7NY8DQ_36DmZ4uGoco8g,1,,,
_Ud7sdn_khya8e2f3FNvWA,4,,,
_WwEW7rMMlLpp4bMYC_jOg,"4),(3",,,
_ZuylBniwr0G3xoZ5-IhNw,"4),(3",,,
_aahJwlz2xt7q4EGOou2ug,5,,,
_dxSKSMm-UITJN_MKPfrQA,3,,,
_e5drmTJBSV0yiFBrTimtg,"3),(5),(4",,,
_f-Vd7RXlwd03jEzzLetOg,"3),(5),(4",,,
_gA5BmEB4PRR2QsZFSOdpw,5,,,
_jZPc3WrseOzXA7IwT8J5w,4,,,
_mToBObzitXvOwCvlJ0NNw,1,,,
_oBmFV6qH-ECP-T0b0lbvQ,5,,,
_oTmDXW4QtCSzdQyDepu4Q,"5),(5",,,
_qAlstQ-K-AoKYTmtcMwGw,1,,,
_vS9qNQvx8wVUOIkj4qfAg,"4),(2),(3),(3),(4),(1),(3),(4),(2),(3),(3),(3),(4),(4",,,
_vo6sLTqHSsFFKeUO3Py4w,5,,,
_vwy7eTm8V5yHw_QxhVDBA,"4),(2",,,
a0jeiFrC9rJGBHfqfuvCSg,4,,,
a5JhPLbRxz4MLU0jDC77-w,5,,,
a9jqs0dYDzqDZQPN5iRbKw,4,,,
aAFcoLFAnMgu4BVX7W38Vg,5,,,
aAfpB9jz5dr4S2HLXpYWDA,2,,,
aJf2Efw3pilH26zmSn2lPw,"3),(4",,,
aMemEksMSJYvcFWewGIqNQ,5,,,
aNBm-hMTf5_z2XxDo5CJ1A,5,,,
aOHQ9MlorpvL71Y6qC9v2A,5,,,
aOvl2gC5FChlag8YNfUFcg,5,,,
aRCyarU83I2NkFSYql5CvA,4,,,
aROP9D7ev2JMQTBWit-kYg,1,,,
aUv_NoFlsYcqZnyiJt_OJA,3,,,
aX4Mqd3w6xz7LNlK1LQWMw,5,,,
aiXxlW7QiggHQiKtl0f5dA,4,,,
alYDpF9-YmFwkZjd4FOfkw,4,,,
aloT925iGOz0B8PZZHGp8w,4,,,
at2kL1jpVSCJud7G0FER4g,5,,,
ay9H1RpjbBkaiXGxfh7LaA,4,,,
b-LKB42aOvcWnoHJJGdUJA,5,,,
b-XqgkyZ8NZr-RGJq0KoJw,2,,,
b0voExNtICTRdRPzub1T8Q,4,,,
b6xBiEt5iQ_HZ41Qh_ZNIA,3,,,
b9WOuVFcnHxEGYXWdCeIVA,"4),(4",,,
bEIXIfk1Zys1r_nmGNiF9A,3,,,
bEyGMTOF8gcAwjNz_qXv-w,"4),(3),(5),(5),(3),(4",,,
bKsf8kVnKZCpRT57JqrJ8Q,2,,,
bSkco4ZdB7REFtDsJUVrDA,"5),(5),(3),(3),(3),(4),(4),(3),(4),(3",,,
bU8oW3KjhH4OmCbW1z4xUA,2,,,
bYHYrDEjj5vwoa4U55RSNg,3,,,
bZC1KXe6vw8k6REIVs-iuw,5,,,
bbYn77XD_aAeFL-lwV7GBA,5,,,
bbw2tt_eKJnA3TuiK-koDw,5,,,
bcwr1bFov3PSa1FiGfpc9g,"4),(3",,,
bmuqYpyiNa-wd2XOerKWcg,"5),(5",,,
bmy45XLtOomcc_EvC-lXRQ,"3),(1",,,
bnP9QpwpUl-zM_0XEnipRQ,2,,,
bpS6QV1eLwsGOJuZDJJd3w,2,,,
bvu13GyOUwhEjPum2xjiqQ,"3),(3),(2),(2),(2),(3),(3),(2),(1),(2),(4),(5),(3),(4),(4",,,
c0JfpOXVBY3ajEhDaCth5A,2,,,
c3P8lRnyv_beqsg_efD0ew,4,,,
c67-0jrGj8tcW7M7TzqsqQ,4,,,
c79kRTM4gCCCDxVnihQ-RQ,4,,,
cAPEvlTqoKc7wD970TpRFQ,5,,,
cAgAcYuNnsUI8l9vWtLoqw,1,,,
cEN-lL4MQfmUYLJ4K1tU6g,4,,,
cF2CgY-_zNTBtQpaP_CeVw,"2),(4",,,
cFZWUEv28HKZIAr4ZMJoRA,1,,,
cHzrY4ci7jvRb850Yiw7FA,2,,,
cM9e72mfMtKKRmCnS1VGCA,"5),(4",,,
cMlY-nsvj9DCrv_lLVp5Fg,5,,,
cNsuaATGLVUUpDSkChEk-g,2,,,
cTTrvt-avYEBONAeTrvtsg,1,,,
cVoLtThi7TivfnHqdDWXzw,2,,,
cb-2l-R0aw6gDV_bKsuu0A,5,,,
cfrr_gmAICGhaIstInD2YQ,5,,,
ckLyJAIbb4Do-ymu8fwMQQ,"5),(3),(4",,,
clgaCFcZ0-JnM7V9DGbOlg,"5),(4",,,
cmiTAMpDPrfYCW9YsuBqQQ,5,,,
combFPPT06VTOG453ZBXww,5,,,
cp2PUYtZQXrYzhRm7uwXEg,5,,,
cqox9oe5IAS9tR7iYhtX7Q,5,,,
crSOvdVYZaH6cgQElQHHfg,1,,,
csSEADDj46qXhL34uhrD5A,1,,,
ctlKx1AIogdccagmt34WSg,5,,,
cuA6JhV8BanJCmK9yECAOQ,1,,,
cxo8mDsMCznAFQru4zbrcQ,4,,,
d1UW81lKPvIJ4LOo1Q1YTw,5,,,
d7W8pfj3LCy7mf9C23kITw,5,,,
d9AfUK4A1xZikqhsc5k07w,"2),(1",,,
d9DsbPMNod0rScSQQxwJIQ,4,,,
dAgm7fzPCe7DDEsv0cnmEg,5,,,
dEfFa1y8HOvwjd3Tztzs0g,4,,,
dGEAzFX7dZO7pZulTPvIzA,4,,,
dIYbC8xdI5XftHWgdHQEBg,4,,,
dKZYPAw7K64Cqbvys4T50A,5,,,
dMhJLpwpGSHkhMY4oxe7QA,3,,,
dMw7G2BkZwLfM0PrcRracw,5,,,
dTZvPca9WM7T1IBKgy0FJQ,3,,,
dYLaa2XSVW25JsOQ9KosKw,5,,,
dZXlBNGaTXd3iiKIWcdjwA,5,,,
dapbOj1WwSchUr-7V63IBg,4,,,
dlYoo0XYiHrp7LDCfROtiQ,3,,,
dnYS5JRUt7qdeSb9yh3dkw,"3),(4",,,
dtd-wIGTJl7QVWpCA-3_Cw,"5),(4",,,
dvdObbifQlESmK-dmTuxug,4,,,
dw1zh9oNtZSSdhn9lrVdvA,"3),(4",,,
dxJK0ZLxRsQY16-wwKjzIQ,5,,,
dxTzAWeaJ1UtmCGdV-k2hw,5,,,
dyFP7vRPhUofhQMzID_h_g,4,,,
e1W6pOaJbovM-jEosgwOCw,"5),(4),(5",,,
e1fW8uvx20L4gS_n4h0Jig,4,,,
e6lG5Xju8s_6PfzPvEptyg,5,,,
e7iHB7gZbVuD-UvJVKe3cQ,2,,,
e8uuGBPPcTuOJvNrP4rYNQ,5,,,
eDNkj-ytI0hhBUH9yF0BFg,5,,,
eDhbpC9XvlKsG0MiFsocNA,5,,,
eG9O6rIrKDh1CKUH6ecZHw,5,,,
ea445QUfkX8kcJsfygRCJw,4,,,
eeoZZCtUKnz6u0_gHlmL8w,5,,,
ef4hnRP-RaRTKSPEBIW7Rg,4,,,
ei4yFnLZMJkxm49KC5Jtww,5,,,
ej0nxU7tgG5iTWV0olJYhw,1,,,
ekHwPi7mifQ2ALpUSsYnmQ,4,,,
el4dtB5KTw_JEq4IaDnbFQ,5,,,
en7cvJc3suhgkExEclq5VQ,"5),(1",,,
eovwN_EDnxVc4UZgYJId2w,2,,,
et5s-zUcDnWS70Wtmi4aEA,"5),(2",,,
ezNDrgrcS8jN55S0Sq_E2A,5,,,
ezhBH8CCYedWG5VdPyFmmA,5,,,
f1rFU7s8I89kpELGSQz0Yw,3,,,
f3z4VItrhUYgvIIEXdavxw,5,,,
f6bEZs7UwxvgGgSAknQ34Q,2,,,
f6sXlAT1R6F5NMIAeUHpXQ,5,,,
f7jPP8Eyfo8lK2T6mTp-Rg,5,,,
f8LBct_QuecljsWcQctYvA,5,,,
f9LuLzqLMNJJoV3zmu6dBA,"4),(4),(3),(4",,,
fA4AkR13IEJyBWkQbumVGA,3,,,
fEj7Gb3yXriiiAax9ay8Fg,5,,,
fEu0Rjr9X77zu7YgxTY5uQ,2,,,
fF5zVb5s96dyT9sYCWTfaQ,5,,,
fFXsUH9uLapH_BopOIBKHA,5,,,
fFoRIzbwpMiv3BvfdtdlXQ,"5),(3",,,
fIKcxbs1u5oK74F-KgqGag,2,,,
fKrIb2nA2qr_yPzE3kGyGw,5,,,
fLDEuDdkdMJowjhh8QG5Sg,2,,,
fNyEbGVlSroUtOyZrT-Ykw,4,,,
fTg6Rz2Rs1LLYN_U7TJbcQ,"2),(1",,,
fUhlTCJtN4nk74ME5IkSew,5,,,
fVCwHdAELZAa_YuderbTdg,"3),(5",,,
fVnY5R9Wx8nhER6iWhcrsA,"1),(2),(4",,,
fXvQ1rMiVJufxc3ZDwF15A,2,,,
fh251bJbBnrjk4ZMB95_Yg,5,,,
fhNxoMwwTipzjO8A9LFe8Q,3,,,
fm0SvFKHl7Vm-JYJAqvo5A,1,,,
fmIk-29cFvh662wz2O7aHg,4,,,
fnGjyk92NQZlnAWOhw01bw,"2),(2",,,
fqm4oKjBm9yVjMnFBo4WuA,4,,,
fsQC3xrYkTKU-AgC0Vy23w,4,,,
fsT8hj93qNLRjMJDJWHH6A,5,,,
ftiAX5vlb42APSH8ixdqqw,5,,,
fw6zu0lgQ6X432veD7PgtQ,5,,,
fwsJGulnozT2U6FefsLiFw,"5),(5),(5),(5),(5),(5),(3",,,
g1dNwh5uCaaUut10U50tmQ,4,,,
g260Rmu_7Vt-yCXYwaAYVQ,5,,,
g2JhDtn0eevsIi-cG-P6kg,3,,,
g7qZapqOSuUakugf4F4Zpg,5,,,
gJhd8oM1yRDDGe3SPaC5Gw,4,,,
gSLy4fdXb2smyGGJ7TAxNQ,5,,,
gSuWU6taLeqtNIIFe5A_FA,"3),(4",,,
gVYoYNIiuxqiY9rZXmVhGA,5,,,
gbzfNDT4xRdj4kqA_tGPeg,4,,,
gc9k3OndFbAybgvb8ACXFw,3,,,
gcjQt9J7TdnMhZGwDHuXcA,5,,,
gficpb_9hLpJEOdpaml2Dg,5,,,
gl46Pxc4OzLai8JVyxUIwA,5,,,
go33gB1y0f_HbJbq5Algug,3,,,
gtIQAqcfdhupYrkIoDPsuQ,5,,,
gtJJBaQwTwE45NnNF0coVA,"4),(4",,,
gwnVSev8aNLvMArs3WTfFw,"3),(3",,,
gywsvSBCL6yCOmuXhluuBw,"5),(1),(4",,,
h-A_xNeB_xSbc0psqHyoJg,5,,,
h2kyXtLyfOiS5AmRepUSWQ,4,,,
h3FPliD6HTG1vER5nV73ww,1,,,
h4aLzC0_xoYSbm23ciekyQ,5,,,
h55P31ql7npvguOLm0Yc8A,1,,,
h5cVAq_sukzZBgXLQmE6gw,2,,,
h6Mzjiabjtprm3kHoTd0xg,2,,,
h6vmhBTM5NKJROwQRiAqVQ,5,,,
hB3VhsSKZ5grSGUqYQ-b9g,3,,,
hEiaLUltxgHt2LndSbR0EA,5,,,
hFhHmfwRPkN81NJZkrnRjQ,"3),(4",,,
hLuDfkQrpS5nwM_RUE1cXA,4,,,
hRCWkTaCs2lEWiRKH-T4IA,5,,,
hYaLWF-gCxMMsTEMTMw-sQ,"4),(4),(4",,,
hZelXy7fk1fwICGvH6OMrQ,"4),(5",,,
hahwAevW06usAIAEP1JI2g,4,,,
heoc96QXrTbecWVw933qhQ,"4),(4),(2",,,
hiJLbMIDMe8k1i4VReXEvA,1,,,
hj5IH466C2kp5CjMEmFdAA,5,,,
hkbwjnY42LDloMV84Yoy5g,2,,,
hmlfPZC9HNwX2b3YFvYACA,1,,,
hpeUXbQAjkYHDHP3gvS3EA,5,,,
hru2IDwSyN61sgWPtJw_hA,"5),(2),(5),(4",,,
hscskgnpQmmNfNl9iZA7hw,5,,,
hyXSC01j_V42hhzbp-jl2A,1,,,
i0aToSFRKd6PjF3dMY8JLQ,2,,,
i4Y5dGLVSdKOPVHq6k0YzA,5,,,
i5u7z972f0hyuv3rk2kv7w,2,,,
iCOPqpQ_mmQ3jaBP2Lz1bQ,5,,,
iF7StQg6j7tg6Smslo5YIg,5,,,
iJA02NtyyUSF-aQEmpt2zA,5,,,
iJQ4JFXJDf68-4mantzf4w,5,,,
iSJLdur495--oPDE0b1Vpw,5,,,
iTmWHtltCtk0Gm55AOxrUA,"4),(4),(4),(2),(3),(4),(2),(4),(3),(3",,,
iXU9nJvHRtI2o4p8sqt3XQ,3,,,
iYzBVqPXG2Ka3BIkbpnbkw,4,,,
iZT7oXKix7zG0l7GSYuouQ,5,,,
ifEavc9VF5iDMvjYIOaytQ,"4),(4",,,
igSbsyeE2C0_17dFt_y_dQ,3,,,
ihC1T8TkW3QTVAUmkz5odw,5,,,
ihZulJIQ88ebAZXlpO0P1Q,1,,,
iiynG_9YN2cOInDrMlVF4g,5,,,
irPsx5KWCwVX44AlSltXXA,5,,,
iurbZ56AKx-c47IFL8UsSg,"5),(4),(2",,,
ivErlAt_FqAgaDUuDHQMcQ,4,,,
iykSymLl4s0M1oKE_BY6tw,5,,,
iyrxeeRCBceFbvaLlk1ifg,4,,,
izrGea9JvRtmaTaQEwrO3w,4,,,
j0qDSIc8Fh6-5qIP0zOsFQ,2,,,
j2UOrL-m5tvtqKXV4-RkYw,"4),(4",,,
j4YeqheBhsJKj_y1M5ZFlg,4,,,
j7DlVihvISsgrKFsreR-Qg,4,,,
jAYnPavj3TBxnWn_lV746w,5,,,
jCPX9sA-lD2PvMiMZbS09A,5,,,
jE5xVugujSaskAoh2DRx3Q,5,,,
jEJYKnFHHXzHlESRAlSl2g,2,,,
jF6fYwa2CMJXHHtS47a7eg,2,,,
jIciKUqiC4627J6Eluli7Q,2,,,
jLVTceG2FWH8bCwRSsbnBQ,3,,,
jMwr0DTmEj5idRUFsRpCxA,5,,,
jO1pSCw0tv-IyimtVFtPpA,4,,,
jOPGVsoqAIcpOZUYDbahOw,5,,,
jR_zE_9TEcY4_vrTeKNXlA,"4),(5",,,
jThUkO26of_9arLY5zUszg,"2),(4),(3",,,
jXW7D3nn4dVSaltwkPb9vQ,4,,,
jaDTgMqh4DzoLJrMrW3JcA,"3),(4),(3",,,
jc6LD2wn5YrW3BUcxuX50w,1,,,
jd5yWDLRt5NnwTZdPRAnuQ,5,,,
jfYVaE1QQHSpdmAqwNIRZg,5,,,
jfvv8uvdSJYa5NWEAloxpQ,"5),(4",,,
jhukBhC_BgGdBclC9kl7UA,3,,,
jixMpFq1iOHPUd4dBmZT_g,2,,,
jlqaqJ7wyPKAvcLvvVKuIA,5,,,
jo5fJQK8pMrnesTNu0kXSA,5,,,
ju8ck6-Yd0vaGp4zrrFIww,1,,,
jwKgiDjVEC8DPjG5NTGllg,"3),(5),(4",,,
jykemU4-CaDr-8Lnei-_ZA,3,,,
k-TbSrTfjDO1Hj-eh4Bqmw,5,,,
k-a1aAKB0f6w5sHDDEO4IA,2,,,
k0a-uii8yr__Rl-9ipl_RA,1,,,
k1KEPJ6Ku_3bgJ_lDZ4ukA,5,,,
k2v6e52IAL1daBeNogxBqw,3,,,
k3kHdQ5VIGXVp7II44f2DA,"3),(5",,,
kD6mIAMGrhSfe488nTcVoA,1,,,
kG5ChZ394LfJjZPU32MllQ,1,,,
kMJAITuqfdBmr3O6Acq10A,1,,,
kRa-sZPizt2EqWYVFZ6DGw,"4),(4),(4",,,
kRm_weZiIXfG3TRmCaRVuw,3,,,
kRrg7nU-BJpW1xDQptNH1g,"1),(4",,,
kWkgwRxqWD-h260dMTkHUA,"2),(4),(4),(4),(5),(2",,,
k_MOe2ZPz8PrAP5EY3vrZQ,5,,,
kaR-ZYSgob_8u_UFKBVWHA,5,,,
kdljP-HPIz1SMPZ2-B3NHA,4,,,
kpIBCCozTB0J0d3SZJfjhw,4,,,
ksO-nLwP39_GzQBjZrJR4A,4,,,
kwTCVSargH5Z_4SNIgeBeg,4,,,
l-KVyeKBFWpAttOKBcM07A,"4),(5",,,
l0NfdBJDva7anZN3J8zS6Q,5,,,
l5SH2Wkxl-g8wRSDrJnC2Q,"5),(5),(5),(5),(1),(1),(5",,,
l6RO4HXjXbA0LNebJG2y5g,3,,,
lARSkAyvPCBOl67dZKMYwQ,"2),(4",,,
lAqoz5QTFxp3GDfpq0McRQ,"3),(3),(4",,,
lBCFj5onphRSCmvM083Bjw,4,,,
lJsCDFtnR2-AMhDdWtCRug,3,,,
l_szjd-ken3ma6oHDkTYXg,2,,,
ljwgUJowB69klaR8Au-H7g,4,,,
llM-ShS0tPyVbrLto6d_Fg,4,,,
lmNU52Qr_VC41gNp_4is7A,5,,,
lpsFN1DQYBB1YkzKUUlf2w,1,,,
lsP5uPtxoxSrpBW3xcyH7w,5,,,
ltUtdCO_VuaB_LrPsYWigg,1,,,
m1FpV3EAeggaAdfPx0hBRQ,5,,,
m235WGuRXZe56Ruf4zX2Ig,4,,,
m6rM1Ts86N6LkD8C7o4XdA,3,,,
mLy7grqTyyrXwbuiGOnA0A,4,,,
mQGKX3eq3D7GMbyGlFqo2w,5,,,
mR-XygUMMjKm9tpF2oeTww,1,,,
mTlGYsr7XGzMWfnK9h8HRQ,2,,,
mlMq78cFgPYjQ83C-33Bxw,4,,,
mm74T3QGdlQfVztg4llP5w,4,,,
molS6oaZnEygSiUmkoOy0Q,5,,,
motXktfCtUjKd5qxQM_RRw,5,,,
mrmDFhLjEGOjSQT_GZgM_g,"4),(4",,,
mrrRs0B77UPL_A9nULr4dw,5,,,
mv8rxpv_fhMwYcejUccWRQ,5,,,
mx1PfUwBVqWyvvtzPO94eg,5,,,
nCi-BpCo_4iNFPb4QWUL6w,"5),(1),(4",,,
nDO08rmBLEJHtpIc9MGHoA,4,,,
nDcMb_LxWNIlOYtyUMIsiA,2,,,
nEC2qpF5WM6Td0Zo21Y9jQ,2,,,
nEYPahVwXGD2Pjvgkm7QqQ,"3),(4),(3),(4),(4),(2),(4),(3),(2),(2),(4),(3),(4),(5),(2),(3),(1),(2",,,
nSO_v25XLVwuo1J44Nbkng,1,,,
nYKao-8w_IOj4Mv8QWb2vg,"4),(4",,,
neBCZl1X_pDl11y7nVYFoQ,"3),(2",,,
nfOglfDZwodDdLyacbpP6g,5,,,
ngTsnaWk5-Kmm9Xv1GrZgw,5,,,
njgEC3foXamFUQxsTBeY5A,4,,,
npxY-id9PhTB5YpMKJnuyQ,5,,,
nr036PbhhQDdS6wSywErag,1,,,
nyDUmYdLrdHNWCopqJmZ5A,5,,,
o22C4GhMh0mv9ldqPD0f1g,4,,,
o8enZ6q-a9KlQ1G5CWzOZw,5,,,
o9XGClSBzCsQxbcCzTPdnQ,"4),(4),(3),(4),(5",,,
oADRnUMH5giOABAYwCGAVg,5,,,
oOUpBcRmerN5Eb6AkGp2wA,5,,,
oQO3wm0HFAMRZTTXPJ46TA,3,,,
oSo_3ARkzud3Wjc7evC2tg,4,,,
oTR2FvEPF0dU3BJDdgYnOQ,5,,,
oYScNHEY4tpdZv73Rb1JwQ,4,,,
oahclh0MZzSuTpRZSH-6Ug,1,,,
ob2NmltzrzoNBRDfJqitlg,4,,,
oc4Ne7SJo4WGdzbm6jtCXg,4,,,
on6y4M6Vh0GlNfcH8SnbHA,"5),(5",,,
onyPs8zXhsirI0DhSpwKBQ,1,,,
oolWxkuiaGjgh5wv6_Xh-w,5,,,
ooxpeo27Q6hXmixSZ80mcQ,4,,,
op2Gve4sAMQ4qEzq2Tad0g,"4),(3",,,
oyef4yiREZsq2pkVg2PVKw,3,,,
ozcqOOvFpMvALws8iox3JA,2,,,
ozru1YnC8dmgWYiORmHRlA,4,,,
p1dOksOeJa2PgZ5RSPNdcw,4,,,
p3MF38R3Htt3ZWyPJMTFgQ,4,,,
p6xdm1i8V5P5JiI0BzWXkw,5,,,
p8z32LHEzVlrY42oS4la_A,"5),(3",,,
p9OvcIakpDoDXl0Lez5CJQ,"2),(5),(3),(2",,,
pD6mw7yhm1ugz-lK_RCSTA,5,,,
pDSrNv58nmSbN3tH08nlNw,4,,,
pEPyzJDjM5T4F5b23D-cpw,2,,,
pEmotDjeQUhh0-6ps0TBng,1,,,
pKh4Pc96YbOg-6hBOOajAA,"5),(3",,,
pMf6ebP3jCkELI8RdUebPw,"4),(4),(4",,,
pNIud6KW96svNcvb2WQ-XQ,3,,,
pOin_X26M5k4qWjHGrcHSA,2,,,
pP19w645y25s2MglBN_ZSg,4,,,
pQzgRCqPBD4iJnLkG3IFwQ,2,,,
pRyrLnk2ayyAdeZRsh5kVQ,"5),(1),(3),(3",,,
pVBvHhx-WBYRHzPDZq6oYw,5,,,
pb-v4zMXSnJ5AnblhBkWCQ,"5),(4",,,
pbTCJlpf7JDjkVIrzJ6Z-w,"4),(5),(3",,,
pdHC0oAcG7gNdhuFRAUu0Q,"5),(1",,,
peEWLcrJ-jhUWQWFqS-sqg,1,,,
pjI4wXdKTMePI0A3rVzLxg,4,,,
plDhA81YGYoYaMpE8RBBZw,4,,,
plNKzNhFP4fzAvfBlfET7Q,4,,,
pnIi4DGnSBrBfE6IMqx-UA,5,,,
prVfGCe-eVKAXlVsg1npeQ,4,,,
prt4Pvu69WGv5pc87RuLMQ,"4),(1",,,
pvgkS8D5GrQp0l2ZvIzYhA,5,,,
pxYlAmwenN9-YXZIVRH7Cw,3,,,
pz-KUZxXWHG5dbqjERTDoQ,5,,,
pzPEEXl_lHWcXqWGFBN9TA,5,,,
q01EJuVT9tCHS_kO1qsTJw,"3),(2",,,
q4_kY8bBeigYPVS0Ak7QGg,"4),(4",,,
q603eQcaC_qgG7usE9BW0w,5,,,
q7MrNVt1FE23rwtWmPYWHg,"5),(4),(5),(4),(5),(3),(5",,,
q88CP93-o66z1c97fKLknQ,4,,,
qDPHTcJ6VC2-O-aX6tjvkw,"5),(5),(1",,,
qLUX_AA1j1RlJeIe-mTkzw,1,,,
qPGLUQUG43b3aBZKDUBlMw,"4),(4",,,
qQj0cH3dvUpPM5_sDRdrwQ,5,,,
qUPwH9Vvx65RxcGgZL-f7A,5,,,
qX_hOfVPHtTHDRQkApAEEw,1,,,
qZbgGiWIi52GL7o3ot5ckw,"4),(1",,,
q_u-rcJTi2nQzeWQ92rJtg,4,,,
qbzoEU-SPiGrmO41giYrcQ,2,,,
qeNsxc0SRZ81tJ6FI9gR8Q,"5),(2",,,
qgghqzeeNSx0rpxcuK5uoA,5,,,
qkVi1ego30vr8P4UWi1tHg,4,,,
qswY4Psj6SdtwJABNx0eng,5,,,
qtdZ3lC2Ki9wyklkCV4yRw,4,,,
qyGzRrLmuMtZrqgj8-2FRA,1,,,
qywVBBmOW9fbqWDi3XO8rQ,3,,,
r03q28rqlF0YY-7WW027Cg,5,,,
r2HhFDFr6YihPOCDRqhk9g,5,,,
r99gQXj37f7Q8U1cnA5mJQ,3,,,
rCEI0L8c5qfhYdow1PWXMA,4,,,
rEn523DRRlvAkhx-ZYeDxQ,1,,,
rFnChnQI0pzeQIsJqFnHqQ,5,,,
rGBWttKJATXiaNtjtip7-g,5,,,
rGuk1S7MIU8M9ZE2mulVsg,"5),(3",,,
rHkCLx5s7-zKQwX35hnaeQ,5,,,
rJZ1nXNCE0TmYpJli6TVxg,5,,,
rKur7W37yHFJX0WTpeOyyg,5,,,
rL7tj-6DtdzGpwC6WW1umw,"2),(5),(3",,,
rNw50-ACrP0YdPGzgOwMgA,5,,,
rOJCi7LEiOlxbhHu5BjIhQ,5,,,
rOs5ezqPyecAHV3WM-c9Jg,4,,,
rPVnUFJE6TMzNg8kCFCQdg,5,,,
rS5-P1HVtZMyIQ_f1Es0uA,4,,,
r_96n9O0jNzbNCZDkSB0EQ,"2),(4",,,
rfJDc0W9Q-6q_AuFsWVeKA,5,,,
rhTLohjD6QzSY5848CG8UQ,3,,,
ri9L-HZ_0fUJgALY4vCz7A,4,,,
rjsx6_pSqwl0zuiwa_tI2g,5,,,
rkmM0Ku4NmG6gE5DaaEntA,1,,,
roReLynNBIuqwH47ow77SQ,1,,,
rrGE6D7KhnrEMV75Kj3g7w,2,,,
rtI7-l1MlVFeqYWYg_c2aA,5,,,
ryiL6-gZ5XFsogqLlqwxvA,1,,,
s2-PYzs5DAL_OwTcKw78iw,1,,,
s944t4S8krqiSXQuepReMQ,5,,,
sApvvvnEp4Z-4do3a1pDgg,"3),(4",,,
sMrUJUsVITVPAItMJyMlOg,4,,,
sN5hd2VEOaoBK_W0theW_Q,5,,,
sPJm6X38Z1HcKmf01QVFlQ,4,,,
sPQ10u9ZsrCVCKhQylFxgQ,"5),(1",,,
sQ00JMYC6Zd2YCIC-drYew,2,,,
sS2sSWqZMnQMRoWx-Mdzgg,"3),(2),(3),(4),(2",,,
sVs4R_G-u76-_OZUo7M6cw,4,,,
scIDar9VGDMcTOHbem37pg,3,,,
sceRDMICN8wGl-XYbMJ9eQ,5,,,
sfVoTwTHDnALTid0upXymg,2,,,
sjSo7Bd7DHRgwWbVBOrOHw,3,,,
slIzqIuNVVD0NM0StH2k-A,5,,,
slJrbI92rtg04ybQmOiEcQ,4,,,
sleEMt44E1StWrjz3mcujQ,"4),(5",,,
ssd4Ac6OoABXZIai_N5Odw,5,,,
sv6tpqP2oMgBS7nv3JW2lA,3,,,
t3Iz2NkpYoks3CFqSt80Gw,5,,,
t5mr9snU8tI7hcjMSCYxLQ,4,,,
tA0hV-dSqHNSCJZvXtbOPw,1,,,
tAB7GJpUuaKF4W-3P0d95A,1,,,
tAKjY3bQXH51msJbOHYPmQ,"3),(3),(2),(5),(3",,,
tAvaIHz7zUdNr2WOT9-r4g,5,,,
tC62PSePYtPwSKc6Asf7rQ,1,,,
tCNt0WFUwqNC997W7kk3Ew,3,,,
tHKeHdRoC6dBGCIxRW8N1w,5,,,
tHniTtWA8JWhdvZKQUVLKA,4,,,
tPUGLlDZLF7HrOC46NqTOA,"5),(5),(3),(5),(4",,,
tQjvFcsbpUre8zRRpK7zMw,"2),(5),(2",,,
tVtPlo4-Dan1i6RWQB9cxQ,"3),(5),(5",,,
t_Mib18cEiNzBhf23ZmsNA,4,,,
ta5nM41kf1a8FNqV_z4P0w,4,,,
tdGJLGK8Ml0sNqNMWJHZUw,5,,,
teYBWMdKglE434fUM5601Q,1,,,
tgKy3r3vI7xMO8ZPh86M3Q,4,,,
tkYwzVUMztdjNuqsNhAP5A,5,,,
tn0EqWiKmv_wogIQvarX4A,"4),(3),(3),(2),(3",,,
tnArVArlj5usJLZbq9ydbQ,5,,,
trYPAmnPz6ChpIgx0jGbyg,"4),(1",,,
tx4XvjDlactzL7SlNnR9XQ,4,,,
u1KESST6ATusVrn7F6HUvw,"3),(4",,,
u2F_wCshIRLCKO0Un2R3ow,"5),(1",,,
u4sQTg5gH1SQGIN6XlQRKA,4,,,
u7rJ_CFbp4IYeT39fNfVDQ,"5),(4",,,
u9ULAsnYTdYH65Haj5LMSw,4,,,
uBJdhU6SLdEYaS60Ay4Hbg,5,,,
uDIecT9tlTj1XIeqoyZUyg,4,,,
uJelibopM2G3RFkAKCcGiw,4,,,
uK8tzraOp4M5u3uYrqIBXg,"5),(4",,,
uPp_2Ni_-I5jwzfu182Xpw,1,,,
uR1ctNuclr1uChWk7IZN0A,1,,,
uXPeEgU4WJQNucjFHyo32w,5,,,
udT5L2wjSQC0AnlFx_pZjQ,4,,,
udy8pMNA09YDs98e51wXZQ,3,,,
uiIdNt_vfMSwvTvCypv5Ag,5,,,
ulik60Aw4MMl3fKi78B_fg,"4),(4),(1),(4),(4",,,
unVuC5hD-zyspXVCxZb1XQ,5,,,
urwdAGFLyb2qtB0m9abpHg,4,,,
v0rTGstJcEvpvKBhawZoAg,2,,,
v9_K56_d5JhUq5lYnt_P0A,5,,,
vFgVosI6MUPX8Y23hmuMXw,3,,,
vGI3dbg5zFRXBg4eVVmGSg,4,,,
vJxXGprSf3ZQkvOfmldPFw,4,,,
vNm0EuNWJ0GZwQifrxDWAQ,2,,,
vQPRddwB2m9se3GDM05eGw,"5),(1),(1),(2),(4",,,
vXS_p1jnILlck7R0izy0-w,5,,,
vZ9U0ikFI2K8_QTlKwh3FA,2,,,
vcZFBFe-nF60JmwIbJ1f2Q,3,,,
veXe0b70eNJtWt4KSawZ3A,"4),(3",,,
vjcjHR3G_Vu-Ruo5JcLtWA,"2),(3),(3",,,
voUD4JIqE5A5cqFS63kDXQ,5,,,
vps75mCeAZd5IYLAh4719Q,1,,,
vs21yzeZEwReRQ6L2laCCA,5,,,
vsL3r0yLuU5lWUe-nsujYQ,4,,,
vtcCk4rTvp2ewqAaa1C2_w,5,,,
vvo0Jb1_Lua8U0YwWitA0w,4,,,
w05oRQtkxYQ2tRMOYuYwNQ,5,,,
w0KBFGSbdsUtfaQid2Jzbg,4,,,
w16jpVr-b-0gd6YHwnIarg,"4),(5",,,
wBNPwY35cTAW5rReDlE_ww,5,,,
wCJbSEmMeZ0mAnJRQEyfCQ,3,,,
wF2GUprZUxRi2DIInefH-w,5,,,
wJl6K7xA_r8iuj5Mp2ngFA,4,,,
wNtyBJa_qaRYUew_TWplgw,"3),(4),(5),(2",,,
wSznX892tHKzgPY_HUFXLA,5,,,
wVY1PBPjdc8Hju58R2uc-Q,3,,,
wVsZO_EXOJGr4zQG02MpSg,1,,,
wZx9FnJ5ikaRwZgRqSgZkg,4,,,
wbn5Yqc-uv_DJKXIusTupw,5,,,
wc-_PKXchSrQOUHpXf6GsQ,5,,,
wcrmyTYjxaY27adqMddZtg,4,,,
whQ58mCDvg_cFROfib6TiQ,4,,,
wtQsINapBJLhtfIe2xecpw,"1),(4),(2",,,
wzewQMHDSnEeh0ZGC7DU0A,3,,,
x1Sc-S5HgZKhlb32yUudVA,1,,,
x1tqIO9G1RX3qd6Y4TsHXg,"3),(4),(4",,,
x2kLEDf4JfnIdIDToLQ9fQ,2,,,
x4Lr_NkzNvEeMjf_qlUD1A,4,,,
x5EWOcs7WKtra17g-sJLwQ,"4),(2",,,
x6lNidNM5ujgYeiK9Ga5fQ,5,,,
x9QRxxlj6UpzxxFQxdniHw,5,,,
xGL2ngV6uvfcp4aUNTK6ww,3,,,
xN0uI5Braocke_F27OxwEQ,1,,,
xS80NGySqyYv4dGnIyd3Ug,4,,,
xSyjJmHMYyoutsNznUWTqw,"4),(3",,,
xTzu_aNCPiie5Vj11cAxyQ,3,,,
xWrZoK4WCF5F9So2UOjmMA,4,,,
xZEPhslvDx20A_YdS_FnNg,2,,,
xZvvlymX6hw_H-0cSjlrkQ,"4),(4",,,
x_MbMxRc_FVlZrTqclfUyw,3,,,
xb6zEQCw9I-Gl0g06e1KsQ,4,,,
xdzV6we9uceMcYc4B5AzFg,4,,,
xeBOz-J1YEnmk95bFBqpBA,1,,,
xodKgrADvtWkmgpKb2_AZA,5,,,
xqk-h7HAGyUlVbvEUUf67Q,4,,,
xqvkGRF1M6hC4fSS0pL1Xw,5,,,
xsoO4VM6PIaBeN8cST4_cg,4,,,
xtE4Rm6QLaeQ62GeP48clQ,5,,,
xvrZ-uWdV4N-yw90TZsOgg,2,,,
xzie68uK2ViI0ddnLHw1tw,1,,,
xzqF2AhLwxM5wA-gZa2KCA,2,,,
y3zerFCOqhXcmzSXtpKLfg,"1),(1",,,
y9Q2mHM8av_2fiqvvers-Q,5,,,
y9qnN2hUtzXUfNXeWh2GwA,"1),(1",,,
yC7phhcNI5L04YYjPaSvYg,5,,,
yCVME7srvV4oC2bLj9TkAA,1,,,
yIhhNAk3aAVUChiUhqpFaA,1,,,
yIjl1ATWO89IdsbnWqG3Ag,5,,,
yVyOedgM0Eb-KBU63k9fvA,4,,,
yajxgpF8rRRHr2mqMK-73Q,1,,,
ybmr49qtfGZtco2RE6LJiQ,"4),(4",,,
ycRVckmWsEpggfgNb2-0xw,5,,,
yfH0ksVwjGmnYuJfUimBJQ,"5),(2),(5),(5),(3",,,
yfRrC6MhxpIJ4-xMcrmk5Q,"3),(4),(4),(2),(3),(2),(2),(3",,,
ylIgegaQaJOjL4_lH2EkFA,"2),(5),(4),(3",,,
yqbv-xI54sz27HCTvRXcCg,5,,,
yrjN9ZHVDOibASqGS64BbQ,4,,,
ytgLwKzD6B4af5vW56RpJg,"3),(3),(4),(3),(4),(4",,,
yyFAzHVKoYJp0qOJMlEpAA,"5),(2",,,
z-DMW8En53HnyoGv8lLF6w,5,,,
z8kmZwIcJ2D3rSMIHDuaLg,4,,,
zELP3yd4lLG1IuW2fWtGew,5,,,
zGHqpJ9sdh7lHu7XETZY9g,4,,,
zJzMAZtNiEOuC2wgDOmm7Q,3,,,
zQnP80zi4Fe4AOV4MtpMkQ,5,,,
zWli0lD5TNKpTSHjXWdHxA,"5),(3),(5",,,
zYdFH6R1fKGJWgqcYEg5bw,"3),(4",,,
zcZ_QLGy6yaFtVYzViFWNw,"1),(1",,,
zkcLyOWaEqc-L0s-cQr4ag,1,,,
zo_soThZw8eVglPbCRNC9A,4,,,
zvJCcrpm2yOZrxKffwGQLA,"4),(4",,,
